"site","dir","format","n_files","apparent_gb","du_gb","size_ratio","mtime_min","mtime_max"
"LaElenita_h0.25","/lustre/scratch/data/s38leste_hpc-canopymicroenv/microenv_LaElenita_h0.25_heights","old / tmax-tmin",168,486.420307335,486.420319623,1.15580802873182,"2026-07-26 16:14:46","2026-07-26 22:25:49"
"LaElenita_h0.50","/lustre/scratch/data/s38leste_hpc-canopymicroenv/microenv_LaElenita_h0.50_heights","old / tmax-tmin",84,243.302521921,243.302526017,1.15520008115814,"2026-07-27 00:57:22","2026-07-27 01:18:23"
"LaElenita_h1.00","/lustre/scratch/data/s38leste_hpc-canopymicroenv/microenv_LaElenita_h1.00_heights","old / tmax-tmin",42,121.741923294,121.74192739,1.15390626093958,"2026-07-27 01:26:36","2026-07-27 01:40:53"
"LaElenita","/lustre/scratch/data/s38leste_hpc-canopymicroenv/microenv_LaElenita_heights","old / tmax-tmin",420,1215.771271162,1215.771291642,1.15614506222113,"2026-07-26 22:34:57","2026-07-27 00:48:34"
"Maquipucuna_h0.25","/lustre/scratch/data/s38leste_hpc-canopymicroenv/microenv_Maquipucuna_h0.25_heights","old / tmax-tmin",67,283.685552984,283.68555708,1.01656873219024,"2026-07-01 20:44:11","2026-07-02 23:42:46"
"Maquipucuna_h0.50","/lustre/scratch/data/s38leste_hpc-canopymicroenv/microenv_Maquipucuna_h0.50_heights","old / tmax-tmin",34,143.933292624,143.93329672,1.01656442651756,"2026-07-01 20:44:12","2026-07-02 22:47:25"
"Maquipucuna_h1.00","/lustre/scratch/data/s38leste_hpc-canopymicroenv/microenv_Maquipucuna_h1.00_heights","old / tmax-tmin",17,71.951962011,71.951966107,1.01656442651756,"2026-07-01 20:44:04","2026-07-02 22:57:53"
"Maquipucuna","/lustre/scratch/data/s38leste_hpc-canopymicroenv/microenv_Maquipucuna_heights","old / tmax-tmin",144,609.74279205,609.742804338,1.01656442651756,"2026-06-30 18:29:00","2026-07-02 23:30:32"
"Mashpi_h0.25","/lustre/scratch/data/s38leste_hpc-canopymicroenv/microenv_Mashpi_h0.25_heights","old / tmax-tmin",88,256.612447164,256.61245126,1.01421211759569,"2026-07-02 21:51:21","2026-07-03 00:33:19"
"Mashpi_h0.50","/lustre/scratch/data/s38leste_hpc-canopymicroenv/microenv_Mashpi_h0.50_heights","old / tmax-tmin",45,130.581494856,130.581498952,1.0387871525932,"2026-07-22 22:07:57","2026-07-22 22:17:47"
"Mashpi_h1.00","/lustre/scratch/data/s38leste_hpc-canopymicroenv/microenv_Mashpi_h1.00_heights","old / tmax-tmin",26,75.535539682,75.535543778,1.03615300875722,"2026-07-22 22:08:15","2026-07-22 22:08:42"
"Mashpi","/lustre/scratch/data/s38leste_hpc-canopymicroenv/microenv_Mashpi_heights","old / tmax-tmin",253,735.055673476,735.055693956,1.03828984352091,"2026-06-30 18:26:42","2026-07-22 22:32:26"
"MindoMirador_h0.25","/lustre/scratch/data/s38leste_hpc-canopymicroenv/microenv_MindoMirador_h0.25_heights","old / tmax-tmin",164,351.414130993,351.414143281,1.13651347793945,"2026-07-27 15:28:07","2026-07-27 16:01:16"
"MindoMirador_h0.50","/lustre/scratch/data/s38leste_hpc-canopymicroenv/microenv_MindoMirador_h0.50_heights","old / tmax-tmin",82,175.76958348,175.769587576,1.13581606542456,"2026-07-27 17:40:07","2026-07-27 17:54:36"
"MindoMirador_h1.00","/lustre/scratch/data/s38leste_hpc-canopymicroenv/microenv_MindoMirador_h1.00_heights","old / tmax-tmin",41,87.945667109,87.945671205,1.13425010323349,"2026-07-27 18:02:51","2026-07-27 18:09:16"
"MindoMirador","/lustre/scratch/data/s38leste_hpc-canopymicroenv/microenv_MindoMirador_heights","old / tmax-tmin",410,878.348336529,878.348357009,1.13687517621977,"2026-07-27 16:09:08","2026-07-27 17:32:45"
"MindoTarabita_h0.25","/lustre/scratch/data/s38leste_hpc-canopymicroenv/microenv_MindoTarabita_h0.25_heights","old / tmax-tmin",140,389.549578177,389.549590465,1.03280028386189,"2026-07-02 21:51:01","2026-07-03 02:02:12"
"MindoTarabita_h0.50","/lustre/scratch/data/s38leste_hpc-canopymicroenv/microenv_MindoTarabita_h0.50_heights","old / tmax-tmin",39,108.806984974,108.80698907,1.01009305159723,"2026-07-22 22:08:14","2026-07-22 22:16:35"
"MindoTarabita_h1.00","/lustre/scratch/data/s38leste_hpc-canopymicroenv/microenv_MindoTarabita_h1.00_heights","old / tmax-tmin",23,64.162007351,64.162011447,1.01007847170725,"2026-07-22 22:07:59","2026-07-22 22:08:19"
"MindoTarabita","/lustre/scratch/data/s38leste_hpc-canopymicroenv/microenv_MindoTarabita_heights","old / tmax-tmin",230,641.766318288,641.766334672,1.01010141509248,"2026-06-30 18:49:26","2026-07-01 21:37:39"
"Saloya_h0.25","/lustre/scratch/data/s38leste_hpc-canopymicroenv/microenv_Saloya_h0.25_heights","old / tmax-tmin",164,435.435136381,435.435148669,1.14516787701232,"2026-07-24 15:01:39","2026-07-24 19:48:35"
"Saloya_h0.50","/lustre/scratch/data/s38leste_hpc-canopymicroenv/microenv_Saloya_h0.50_heights","old / tmax-tmin",100,278.017761295,278.017765391,1.11989910141878,"2026-07-26 17:04:30","2026-07-26 17:29:28"
"Saloya_h1.00","/lustre/scratch/data/s38leste_hpc-canopymicroenv/microenv_Saloya_h1.00_heights","old / tmax-tmin",50,139.078998527,139.079002623,1.11933520561202,"2026-07-26 17:38:29","2026-07-26 17:46:56"
"Saloya","/lustre/scratch/data/s38leste_hpc-canopymicroenv/microenv_Saloya_heights","old / tmax-tmin",500,1389.509107617,1389.509144481,1.12035170510122,"2026-07-25 00:48:23","2026-07-26 16:55:15"
"Yanayacu_h0.25","/lustre/scratch/data/s38leste_hpc-canopymicroenv/microenv_Yanayacu_h0.25_heights","old / tmax-tmin",160,129.172544023,129.172556311,1.15839105900682,"2026-07-02 21:46:43","2026-07-03 00:08:30"
"Yanayacu_h0.50","/lustre/scratch/data/s38leste_hpc-canopymicroenv/microenv_Yanayacu_h0.50_heights","old / tmax-tmin",65,52.688482111,52.688486207,1.15706246862727,"2026-07-22 22:04:17","2026-07-22 22:14:25"
"Yanayacu_h1.00","/lustre/scratch/data/s38leste_hpc-canopymicroenv/microenv_Yanayacu_h1.00_heights","old / tmax-tmin",35,28.335403525,28.335407621,1.15699457027042,"2026-07-22 22:04:27","2026-07-22 22:09:32"
"Yanayacu","/lustre/scratch/data/s38leste_hpc-canopymicroenv/microenv_Yanayacu_heights","old / tmax-tmin",374,303.648418783,303.648439263,1.15853808832009,"2026-06-30 18:22:11","2026-07-22 22:16:53"
