"site","path","size_bytes","mtime","format","detail"
"LaElenita_h0.25","/home/s38leste_hpc/canopymicroenv/data/processed/microenv_LaElenita_h0.25.rds",1373667,"2026-07-26 22:25:55","manifest-only","height_dir=/lustre/scratch/data/s38leste_hpc-canopymicroenv/microenv_LaElenita_h0.25_heights n_heights=168"
"LaElenita_h0.50","/home/s38leste_hpc/canopymicroenv/data/processed/microenv_LaElenita_h0.50.rds",1372518,"2026-07-27 01:18:25","manifest-only","height_dir=/lustre/scratch/data/s38leste_hpc-canopymicroenv/microenv_LaElenita_h0.50_heights n_heights=84"
"LaElenita_h1.00","/home/s38leste_hpc/canopymicroenv/data/processed/microenv_LaElenita_h1.00.rds",1372374,"2026-07-27 01:40:55","manifest-only","height_dir=/lustre/scratch/data/s38leste_hpc-canopymicroenv/microenv_LaElenita_h1.00_heights n_heights=42"
"LaElenita","/home/s38leste_hpc/canopymicroenv/data/processed/microenv_LaElenita.rds",1373628,"2026-07-27 00:48:35","manifest-only","height_dir=/lustre/scratch/data/s38leste_hpc-canopymicroenv/microenv_LaElenita_heights n_heights=420"
"Maquipucuna_h0.25","/home/s38leste_hpc/canopymicroenv/data/processed/microenv_Maquipucuna_h0.25.rds",1368951,"2026-07-02 23:42:47","manifest-only","height_dir=/lustre/scratch/data/s38leste_hpc-canopymicroenv/microenv_Maquipucuna_h0.25_heights n_heights=67"
"Maquipucuna_h0.50","/home/s38leste_hpc/canopymicroenv/data/processed/microenv_Maquipucuna_h0.50.rds",1368887,"2026-07-02 22:47:26","manifest-only","height_dir=/lustre/scratch/data/s38leste_hpc-canopymicroenv/microenv_Maquipucuna_h0.50_heights n_heights=34"
"Maquipucuna_h1.00","/home/s38leste_hpc/canopymicroenv/data/processed/microenv_Maquipucuna_h1.00.rds",1368865,"2026-07-02 22:57:55","manifest-only","height_dir=/lustre/scratch/data/s38leste_hpc-canopymicroenv/microenv_Maquipucuna_h1.00_heights n_heights=17"
"Maquipucuna","/home/s38leste_hpc/canopymicroenv/data/processed/microenv_Maquipucuna.rds",1369150,"2026-07-02 23:30:33","manifest-only","height_dir=/lustre/scratch/data/s38leste_hpc-canopymicroenv/microenv_Maquipucuna_heights n_heights=168"
"Mashpi_h0.25","/home/s38leste_hpc/canopymicroenv/data/processed/microenv_Mashpi_h0.25.rds",1371598,"2026-07-03 00:33:21","manifest-only","height_dir=/lustre/scratch/data/s38leste_hpc-canopymicroenv/microenv_Mashpi_h0.25_heights n_heights=88"
"Mashpi_h0.50","/home/s38leste_hpc/canopymicroenv/data/processed/microenv_Mashpi_h0.50.rds",1374092,"2026-07-22 22:17:48","manifest-only","height_dir=/lustre/scratch/data/s38leste_hpc-canopymicroenv/microenv_Mashpi_h0.50_heights n_heights=56"
"Mashpi_h1.00","/home/s38leste_hpc/canopymicroenv/data/processed/microenv_Mashpi_h1.00.rds",1374000,"2026-07-22 22:08:43","manifest-only","height_dir=/lustre/scratch/data/s38leste_hpc-canopymicroenv/microenv_Mashpi_h1.00_heights n_heights=28"
"Mashpi","/home/s38leste_hpc/canopymicroenv/data/processed/microenv_Mashpi.rds",1374417,"2026-07-22 22:32:27","manifest-only","height_dir=/lustre/scratch/data/s38leste_hpc-canopymicroenv/microenv_Mashpi_heights n_heights=276"
"MindoMirador_h0.25","/home/s38leste_hpc/canopymicroenv/data/processed/microenv_MindoMirador_h0.25.rds",1374783,"2026-07-27 16:01:19","manifest-only","height_dir=/lustre/scratch/data/s38leste_hpc-canopymicroenv/microenv_MindoMirador_h0.25_heights n_heights=164"
"MindoMirador_h0.50","/home/s38leste_hpc/canopymicroenv/data/processed/microenv_MindoMirador_h0.50.rds",1372600,"2026-07-27 17:54:37","manifest-only","height_dir=/lustre/scratch/data/s38leste_hpc-canopymicroenv/microenv_MindoMirador_h0.50_heights n_heights=82"
"MindoMirador_h1.00","/home/s38leste_hpc/canopymicroenv/data/processed/microenv_MindoMirador_h1.00.rds",1372461,"2026-07-27 18:09:17","manifest-only","height_dir=/lustre/scratch/data/s38leste_hpc-canopymicroenv/microenv_MindoMirador_h1.00_heights n_heights=41"
"MindoMirador","/home/s38leste_hpc/canopymicroenv/data/processed/microenv_MindoMirador.rds",1373652,"2026-07-27 17:32:49","manifest-only","height_dir=/lustre/scratch/data/s38leste_hpc-canopymicroenv/microenv_MindoMirador_heights n_heights=410"
"MindoTarabita_h0.25","/home/s38leste_hpc/canopymicroenv/data/processed/microenv_MindoTarabita_h0.25.rds",1369212,"2026-07-03 02:02:18","manifest-only","height_dir=/lustre/scratch/data/s38leste_hpc-canopymicroenv/microenv_MindoTarabita_h0.25_heights n_heights=140"
"MindoTarabita_h0.50","/home/s38leste_hpc/canopymicroenv/data/processed/microenv_MindoTarabita_h0.50.rds",1372131,"2026-07-22 22:16:36","manifest-only","height_dir=/lustre/scratch/data/s38leste_hpc-canopymicroenv/microenv_MindoTarabita_h0.50_heights n_heights=46"
"MindoTarabita_h1.00","/home/s38leste_hpc/canopymicroenv/data/processed/microenv_MindoTarabita_h1.00.rds",1372045,"2026-07-22 22:08:20","manifest-only","height_dir=/lustre/scratch/data/s38leste_hpc-canopymicroenv/microenv_MindoTarabita_h1.00_heights n_heights=23"
"MindoTarabita","/home/s38leste_hpc/canopymicroenv/data/processed/microenv_MindoTarabita.rds",1372786,"2026-07-22 22:00:13","manifest-only","height_dir=/lustre/scratch/data/s38leste_hpc-canopymicroenv/microenv_MindoTarabita_heights n_heights=230"
"Saloya_h0.25","/home/s38leste_hpc/canopymicroenv/data/processed/microenv_Saloya_h0.25.rds",1374683,"2026-07-24 19:48:58","manifest-only","height_dir=/lustre/scratch/data/s38leste_hpc-canopymicroenv/microenv_Saloya_h0.25_heights n_heights=164"
"Saloya_h0.50","/home/s38leste_hpc/canopymicroenv/data/processed/microenv_Saloya_h0.50.rds",1372711,"2026-07-26 17:29:30","manifest-only","height_dir=/lustre/scratch/data/s38leste_hpc-canopymicroenv/microenv_Saloya_h0.50_heights n_heights=100"
"Saloya_h1.00","/home/s38leste_hpc/canopymicroenv/data/processed/microenv_Saloya_h1.00.rds",1372535,"2026-07-26 17:46:57","manifest-only","height_dir=/lustre/scratch/data/s38leste_hpc-canopymicroenv/microenv_Saloya_h1.00_heights n_heights=50"
"Saloya","/home/s38leste_hpc/canopymicroenv/data/processed/microenv_Saloya.rds",1373977,"2026-07-26 16:55:28","manifest-only","height_dir=/lustre/scratch/data/s38leste_hpc-canopymicroenv/microenv_Saloya_heights n_heights=500"
"Yanayacu_h0.25","/home/s38leste_hpc/canopymicroenv/data/processed/microenv_Yanayacu_h0.25.rds",1364886,"2026-07-03 00:08:31","manifest-only","height_dir=/lustre/scratch/data/s38leste_hpc-canopymicroenv/microenv_Yanayacu_h0.25_heights n_heights=160"
"Yanayacu_h0.50","/home/s38leste_hpc/canopymicroenv/data/processed/microenv_Yanayacu_h0.50.rds",1367654,"2026-07-22 22:14:27","manifest-only","height_dir=/lustre/scratch/data/s38leste_hpc-canopymicroenv/microenv_Yanayacu_h0.50_heights n_heights=80"
"Yanayacu_h1.00","/home/s38leste_hpc/canopymicroenv/data/processed/microenv_Yanayacu_h1.00.rds",1367519,"2026-07-22 22:09:33","manifest-only","height_dir=/lustre/scratch/data/s38leste_hpc-canopymicroenv/microenv_Yanayacu_h1.00_heights n_heights=40"
"Yanayacu","/home/s38leste_hpc/canopymicroenv/data/processed/microenv_Yanayacu.rds",1368688,"2026-07-22 22:16:54","manifest-only","height_dir=/lustre/scratch/data/s38leste_hpc-canopymicroenv/microenv_Yanayacu_heights n_heights=400"
